Workbook

Sheet Repuestos
A1: ARTICULO | B1: DESCRIPCION | C1: CATEGORIA | D1: N# PARTE archivo | E1: N# PARTE 2 descripcion | F1: UBICACION | G1: MARCA | H1: SERIE | I1: MODELO | J1: VERSION | K1: APLICA A | L1: METRICA | M1: EXIST_VIRTUAL | N1: EXIST_FISICA | O1: FOTOS
A2: 215 | B2: CONDENSADOR | C2: FALT REP DFSK | F2: =IFERROR( VLOOKUP(A2,#REF!,2,0),"") | G2: {=_xlfn.XLOOKUP(I2,Base_Datos!D:D,Base_Datos!B:B,"")} -> DFSK | H2: {=IF(I2="","",IFERROR(_xlfn.XLOOKUP(I2,Base_Datos!$D$2:$D3876,Base_Datos!$C$2:$C3876),""))} -> Serie C | I2: C37 | J2: =IF(I2="","",IFERROR(VLOOKUP(I2,Base_Datos!$D$2:$E$72,2,0),"")) -> (1.5L) | M2: 0 | N2: 0
A3: 218 | B3: TABLERO | C3: FALT REP DFSK | D3: 8105000-CM02 | E3: 8105000-CM02 | F3: =IFERROR( VLOOKUP(A3,#REF!,2,0),"") | G3: {=_xlfn.XLOOKUP(I3,Base_Datos!D:D,Base_Datos!B:B,"")} -> DFSK | H3: {=IF(I3="","",IFERROR(_xlfn.XLOOKUP(I3,Base_Datos!$D$2:$D3876,Base_Datos!$C$2:$C3876),""))} -> Serie C | I3: C37 | J3: =IF(I3="","",IFERROR(VLOOKUP(I3,Base_Datos!$D$2:$E$72,2,0),"")) -> (1.5L) | M3: 0 | N3: 0
A4: 219 | B4: RADIO | C4: FALT REP DFSK | D4: 8105000-CM02 | E4: 8105000-CM02 | F4: =IFERROR( VLOOKUP(A4,#REF!,2,0),"") | G4: {=_xlfn.XLOOKUP(I4,Base_Datos!D:D,Base_Datos!B:B,"")} -> DFSK | H4: {=IF(I4="","",IFERROR(_xlfn.XLOOKUP(I4,Base_Datos!$D$2:$D3876,Base_Datos!$C$2:$C3876),""))} -> Serie C | I4: C37 | J4: =IF(I4="","",IFERROR(VLOOKUP(I4,Base_Datos!$D$2:$E$72,2,0),"")) -> (1.5L) | M4: 0 | N4: 0
A5: 220 | B5: TAPA VOLANTE ARRIBA | C5: FALT REP DFSK | D5: 1308100-CA02 | E5: 1308100-CA02 | F5: =IFERROR( VLOOKUP(A5,#REF!,2,0),"") | G5: {=_xlfn.XLOOKUP(I5,Base_Datos!D:D,Base_Datos!B:B,"")} -> DFSK | H5: {=IF(I5="","",IFERROR(_xlfn.XLOOKUP(I5,Base_Datos!$D$2:$D3876,Base_Datos!$C$2:$C3876),""))} -> Serie C | I5: C37 | J5: =IF(I5="","",IFERROR(VLOOKUP(I5,Base_Datos!$D$2:$E$72,2,0),"")) -> (1.5L) | M5: 0 | N5: 0
A6: 221 | B6: ALTERNADOR | C6: FALT REP DFSK | D6: 8105000-CM02 | E6: 8105000-CM02 | F6: =IFERROR( VLOOKUP(A6,#REF!,2,0),"") | G6: {=_xlfn.XLOOKUP(I6,Base_Datos!D:D,Base_Datos!B:B,"")} -> DFSK | H6: {=IF(I6="","",IFERROR(_xlfn.XLOOKUP(I6,Base_Datos!$D$2:$D3876,Base_Datos!$C$2:$C3876),""))} -> Serie C | I6: C37 | J6: =IF(I6="","",IFERROR(VLOOKUP(I6,Base_Datos!$D$2:$E$72,2,0),"")) -> (1.5L) | M6: 0 | N6: 0
A7: 222 | B7: ASIENTOS | C7: FALT REP DFSK | D7: 8105000-CM02 | E7: 8105000-CM02 | F7: =IFERROR( VLOOKUP(A7,#REF!,2,0),"") | G7: {=_xlfn.XLOOKUP(I7,Base_Datos!D:D,Base_Datos!B:B,"")} -> DFSK | H7: {=IF(I7="","",IFERROR(_xlfn.XLOOKUP(I7,Base_Datos!$D$2:$D3876,Base_Datos!$C$2:$C3876),""))} -> Serie C | I7: C37 | J7: =IF(I7="","",IFERROR(VLOOKUP(I7,Base_Datos!$D$2:$E$72,2,0),"")) -> (1.5L) | M7: 0 | N7: 0
A8: 223 | B8: PARACHOQUE DELANTERO COMPLETO | C8: FALT REP DFSK | D8: 8105000-CM02 | E8: 8105000-CM02 | F8: =IFERROR( VLOOKUP(A8,#REF!,2,0),"") | G8: {=_xlfn.XLOOKUP(I8,Base_Datos!D:D,Base_Datos!B:B,"")} -> DFSK | H8: {=IF(I8="","",IFERROR(_xlfn.XLOOKUP(I8,Base_Datos!$D$2:$D3876,Base_Datos!$C$2:$C3876),""))} -> Serie Glory | I8: G600 | J8: =IF(I8="","",IFERROR(VLOOKUP(I8,Base_Datos!$D$2:$E$72,2,0),"")) -> (1.5L) | M8: 0 | N8: 0
A9: 224 | B9: COMPUTADORA | C9: FALT REP DFSK | D9: 8105000-CM02 | E9: 8105000-CM02 | F9: =IFERROR( VLOOKUP(A9,#REF!,2,0),"") | G9: {=_xlfn.XLOOKUP(I9,Base_Datos!D:D,Base_Datos!B:B,"")} -> DFSK | H9: {=IF(I9="","",IFERROR(_xlfn.XLOOKUP(I9,Base_Datos!$D$2:$D3876,Base_Datos!$C$2:$C3876),""))} -> Serie Glory | I9: G600 | J9: =IF(I9="","",IFERROR(VLOOKUP(I9,Base_Datos!$D$2:$E$72,2,0),"")) -> (1.5L) | M9: 0 | N9: 0
A10: 225 | B10: MANGUERA CANISTER | C10: FALT REP DFSK | D10: 8105000-CM02 | E10: 8105000-CM02 | F10: =IFERROR( VLOOKUP(A10,#REF!,2,0),"") | G10: {=_xlfn.XLOOKUP(I10,Base_Datos!D:D,Base_Datos!B:B,"")} -> DFSK | H10: {=IF(I10="","",IFERROR(_xlfn.XLOOKUP(I10,Base_Datos!$D$2:$D3876,Base_Datos!$C$2:$C3876),""))} -> Serie Glory | I10: G600 | J10: =IF(I10="","",IFERROR(VLOOKUP(I10,Base_Datos!$D$2:$E$72,2,0),"")) -> (1.5L) | M10: 0 | N10: 0
A11: 226 | B11: BUJIAS | C11: FALT REP DFSK | D11: 8105000-CM02 | E11: 8105000-CM02 | F11: =IFERROR( VLOOKUP(A11,#REF!,2,0),"") | G11: {=_xlfn.XLOOKUP(I11,Base_Datos!D:D,Base_Datos!B:B,"")} -> DFSK | H11: {=IF(I11="","",IFERROR(_xlfn.XLOOKUP(I11,Base_Datos!$D$2:$D3876,Base_Datos!$C$2:$C3876),""))} -> Serie Glory | I11: G600 | J11: =IF(I11="","",IFERROR(VLOOKUP(I11,Base_Datos!$D$2:$E$72,2,0),"")) -> (1.5L) | M11: 0 | N11: 0
A12: 227 | B12: BOBINAS | C12: FALT REP DFSK | D12: 8105000-CM02 | E12: 8105000-CM02 | F12: =IFERROR( VLOOKUP(A12,#REF!,2,0),"") | G12: {=_xlfn.XLOOKUP(I12,Base_Datos!D:D,Base_Datos!B:B,"")} -> DFSK | H12: {=IF(I12="","",IFERROR(_xlfn.XLOOKUP(I12,Base_Datos!$D$2:$D3876,Base_Datos!$C$2:$C3876),""))} -> Serie Glory | I12: G600 | J12: =IF(I12="","",IFERROR(VLOOKUP(I12,Base_Datos!$D$2:$E$72,2,0),"")) -> (1.5L) | M12: 0 | N12: 0
A13: 228 | B13: RIEL DE INYECTORES | C13: FALT REP DFSK | D13: 8105000-CM02 | E13: 8105000-CM02 | F13: =IFERROR( VLOOKUP(A13,#REF!,2,0),"") | G13: {=_xlfn.XLOOKUP(I13,Base_Datos!D:D,Base_Datos!B:B,"")} -> DFSK | H13: {=IF(I13="","",IFERROR(_xlfn.XLOOKUP(I13,Base_Datos!$D$2:$D3876,Base_Datos!$C$2:$C3876),""))} -> Serie Glory | I13: G600 | J13: =IF(I13="","",IFERROR(VLOOKUP(I13,Base_Datos!$D$2:$E$72,2,0),"")) -> (1.5L) | M13: 0 | N13: 0
A14: 229 | B14: CUERPO DE ACELERACION | C14: FALT REP DFSK | D14: 8105000-CM02 | E14: 8105000-CM02 | F14: =IFERROR( VLOOKUP(A14,#REF!,2,0),"") | G14: {=_xlfn.XLOOKUP(I14,Base_Datos!D:D,Base_Datos!B:B,"")} -> DFSK | H14: {=IF(I14="","",IFERROR(_xlfn.XLOOKUP(I14,Base_Datos!$D$2:$D3876,Base_Datos!$C$2:$C3876),""))} -> Serie Glory | I14: G600 | J14: =IF(I14="","",IFERROR(VLOOKUP(I14,Base_Datos!$D$2:$E$72,2,0),"")) -> (1.5L) | M14: 0 | N14: 0
A15: 230 | B15: CORREA UNICA | C15: FALT REP DFSK | D15: 8105000-CM02 | E15: 8105000-CM02 | F15: =IFERROR( VLOOKUP(A15,#REF!,2,0),"") | G15: {=_xlfn.XLOOKUP(I15,Base_Datos!D:D,Base_Datos!B:B,"")} -> DFSK | H15: {=IF(I15="","",IFERROR(_xlfn.XLOOKUP(I15,Base_Datos!$D$2:$D3876,Base_Datos!$C$2:$C3876),""))} -> Serie Glory | I15: G600 | J15: =IF(I15="","",IFERROR(VLOOKUP(I15,Base_Datos!$D$2:$E$72,2,0),"")) -> (1.5L) | M15: 0 | N15: 0
A16: 231 | B16: TAPA LATERAL RETROVISOR | C16: FALT REP DFSK | D16: 8105000-CM02 | E16: 8105000-CM02 | F16: =IFERROR( VLOOKUP(A16,#REF!,2,0),"") | G16: {=_xlfn.XLOOKUP(I16,Base_Datos!D:D,Base_Datos!B:B,"")} -> DFSK | H16: {=IF(I16="","",IFERROR(_xlfn.XLOOKUP(I16,Base_Datos!$D$2:$D3876,Base_Datos!$C$2:$C3876),""))} -> Serie Glory | I16: G600 | J16: =IF(I16="","",IFERROR(VLOOKUP(I16,Base_Datos!$D$2:$E$72,2,0),"")) -> (1.5L) | M16: 0 | N16: 0
A17: 232 | B17: TABLERO | C17: FALT REP DFSK | D17: 8105000-CM02 | E17: 8105000-CM02 | F17: =IFERROR( VLOOKUP(A17,#REF!,2,0),"") | G17: {=_xlfn.XLOOKUP(I17,Base_Datos!D:D,Base_Datos!B:B,"")} -> DFSK | H17: {=IF(I17="","",IFERROR(_xlfn.XLOOKUP(I17,Base_Datos!$D$2:$D3876,Base_Datos!$C$2:$C3876),""))} -> Serie Glory | I17: G600 | J17: =IF(I17="","",IFERROR(VLOOKUP(I17,Base_Datos!$D$2:$E$72,2,0),"")) -> (1.5L) | M17: 0 | N17: 0
A18: 233 | B18: SISTEMA DE REPRODUCCION | C18: FALT REP DFSK | D18: 8105000-CM02 | E18: 8105000-CM02 | F18: =IFERROR( VLOOKUP(A18,#REF!,2,0),"") | G18: {=_xlfn.XLOOKUP(I18,Base_Datos!D:D,Base_Datos!B:B,"")} -> DFSK | H18: {=IF(I18="","",IFERROR(_xlfn.XLOOKUP(I18,Base_Datos!$D$2:$D3876,Base_Datos!$C$2:$C3876),""))} -> Serie Glory | I18: G600 | J18: =IF(I18="","",IFERROR(VLOOKUP(I18,Base_Datos!$D$2:$E$72,2,0),"")) -> (1.5L) | M18: 0 | N18: 0
A19: 234 | B19: PLATINA TRIANGULO RETROVISOR IZQUIERDA | C19: FALT REP DFSK | D19: 5504011-FS01 | E19: 5504011-FS01 | F19: =IFERROR( VLOOKUP(A19,#REF!,2,0),"") | G19: {=_xlfn.XLOOKUP(I19,Base_Datos!D:D,Base_Datos!B:B,"")} -> DFSK | H19: {=IF(I19="","",IFERROR(_xlfn.XLOOKUP(I19,Base_Datos!$D$2:$D3876,Base_Datos!$C$2:$C3876),""))} -> Serie Glory | I19: G500 ASPIRADA | J19: =IF(I19="","",IFERROR(VLOOKUP(I19,Base_Datos!$D$2:$E$72,2,0),"")) -> (1.5L) | K19: D51 - (1.5L) | M19: 0 | N19: 0
A20: 235 | B20: ESTRIBO DERECHO | C20: FALT REP DFSK | F20: =IFERROR( VLOOKUP(A20,#REF!,2,0),"") | G20: {=_xlfn.XLOOKUP(I20,Base_Datos!D:D,Base_Datos!B:B,"")} -> DFSK | H20: {=IF(I20="","",IFERROR(_xlfn.XLOOKUP(I20,Base_Datos!$D$2:$D3876,Base_Datos!$C$2:$C3876),""))} -> Serie Glory | I20: G500 ASPIRADA | J20: =IF(I20="","",IFERROR(VLOOKUP(I20,Base_Datos!$D$2:$E$72,2,0),"")) -> (1.5L) | K20: D51 - (1.5L) | M20: 0 | N20: 0
A21: 236 | B21: REPRODUCTOR | C21: FALT REP DFSK | F21: =IFERROR( VLOOKUP(A21,#REF!,2,0),"") | G21: {=_xlfn.XLOOKUP(I21,Base_Datos!D:D,Base_Datos!B:B,"")} -> DFSK | H21: {=IF(I21="","",IFERROR(_xlfn.XLOOKUP(I21,Base_Datos!$D$2:$D3876,Base_Datos!$C$2:$C3876),""))} -> Serie K | I21: K01S | J21: =IF(I21="","",IFERROR(VLOOKUP(I21,Base_Datos!$D$2:$E$72,2,0),"")) -> (1.1L) | M21: 0 | N21: 0
A22: 237 | B22: LATERALES DE CAVA DERECHO | C22: FALT REP DFSK | F22: =IFERROR( VLOOKUP(A22,#REF!,2,0),"") | G22: {=_xlfn.XLOOKUP(I22,Base_Datos!D:D,Base_Datos!B:B,"")} -> DFSK | H22: {=IF(I22="","",IFERROR(_xlfn.XLOOKUP(I22,Base_Datos!$D$2:$D3876,Base_Datos!$C$2:$C3876),""))} -> Serie K | I22: K01S | J22: =IF(I22="","",IFERROR(VLOOKUP(I22,Base_Datos!$D$2:$E$72,2,0),"")) -> (1.1L) | K22: D1 - (2.4L) | M22: 0 | N22: 0
A23: 238 | B23: LATERALES DE CAVA IZQUIERDO | C23: FALT REP DFSK | F23: =IFERROR( VLOOKUP(A23,#REF!,2,0),"") | G23: {=_xlfn.XLOOKUP(I23,Base_Datos!D:D,Base_Datos!B:B,"")} -> DFSK | H23: {=IF(I23="","",IFERROR(_xlfn.XLOOKUP(I23,Base_Datos!$D$2:$D3876,Base_Datos!$C$2:$C3876),""))} -> Serie K | I23: K01S | J23: =IF(I23="","",IFERROR(VLOOKUP(I23,Base_Datos!$D$2:$E$72,2,0),"")) -> (1.1L) | K23: D1 - (2.4L) | M23: 0 | N23: 0
A24: 239 | B24: PARABRISAS TRASERO | C24: FALT REP DFSK | F24: =IFERROR( VLOOKUP(A24,#REF!,2,0),"") | G24: {=_xlfn.XLOOKUP(I24,Base_Datos!D:D,Base_Datos!B:B,"")} -> DFSK | H24: {=IF(I24="","",IFERROR(_xlfn.XLOOKUP(I24,Base_Datos!$D$2:$D3876,Base_Datos!$C$2:$C3876),""))} -> Serie K | I24: K01S | J24: =IF(I24="","",IFERROR(VLOOKUP(I24,Base_Datos!$D$2:$E$72,2,0),"")) -> (1.1L) | K24: D1 - (2.4L) | M24: 0 | N24: 0
A25: 240 | B25: PUERTA IZQUIERDA | C25: FALT REP DFSK | D25: 6201100-FS01D | E25: 6201100-FS01D | F25: =IFERROR( VLOOKUP(A25,#REF!,2,0),"") | G25: {=_xlfn.XLOOKUP(I25,Base_Datos!D:D,Base_Datos!B:B,"")} -> DFSK | H25: {=IF(I25="","",IFERROR(_xlfn.XLOOKUP(I25,Base_Datos!$D$2:$D3876,Base_Datos!$C$2:$C3876),""))} -> Serie K | I25: K01S | J25: =IF(I25="","",IFERROR(VLOOKUP(I25,Base_Datos!$D$2:$E$72,2,0),"")) -> (1.1L) | M25: 0 | N25: 0
A26: 241 | B26: PUERTA DERECHA | C26: FALT REP DFSK | D26: 6201100-FS01D | E26: 6201100-FS01D | F26: =IFERROR( VLOOKUP(A26,#REF!,2,0),"") | G26: {=_xlfn.XLOOKUP(I26,Base_Datos!D:D,Base_Datos!B:B,"")} -> DFSK | H26: {=IF(I26="","",IFERROR(_xlfn.XLOOKUP(I26,Base_Datos!$D$2:$D3876,Base_Datos!$C$2:$C3876),""))} -> Serie K | I26: K01S | J26: =IF(I26="","",IFERROR(VLOOKUP(I26,Base_Datos!$D$2:$E$72,2,0),"")) -> (1.1L) | M26: 0 | N26: 0
A27: 242 | B27: PARRILLA DELANTERA | C27: FALT REP DFSK | D27: 6201100-FS01D | E27: 6201100-FS01D | F27: =IFERROR( VLOOKUP(A27,#REF!,2,0),"") | G27: {=_xlfn.XLOOKUP(I27,Base_Datos!D:D,Base_Datos!B:B,"")} -> DFSK | H27: {=IF(I27="","",IFERROR(_xlfn.XLOOKUP(I27,Base_Datos!$D$2:$D3876,Base_Datos!$C$2:$C3876),""))} -> Serie K | I27: K01S | J27: =IF(I27="","",IFERROR(VLOOKUP(I27,Base_Datos!$D$2:$E$72,2,0),"")) -> (1.1L) | M27: 0 | N27: 0
A28: 243 | B28: BOMBA DE FRENO | C28: FALT REP DFSK | D28: 6201100-FS01D | E28: 6201100-FS01D | F28: =IFERROR( VLOOKUP(A28,#REF!,2,0),"") | G28: {=_xlfn.XLOOKUP(I28,Base_Datos!D:D,Base_Datos!B:B,"")} -> DFSK | H28: {=IF(I28="","",IFERROR(_xlfn.XLOOKUP(I28,Base_Datos!$D$2:$D3876,Base_Datos!$C$2:$C3876),""))} -> Serie K | I28: K01S | J28: =IF(I28="","",IFERROR(VLOOKUP(I28,Base_Datos!$D$2:$E$72,2,0),"")) -> (1.1L) | M28: 0 | N28: 0
A29: 244 | B29: SENSOR DE CIGÜEÑAL | C29: FALT REP DFSK | D29: 6201100-FS01D | E29: 6201100-FS01D | F29: =IFERROR( VLOOKUP(A29,#REF!,2,0),"") | G29: {=_xlfn.XLOOKUP(I29,Base_Datos!D:D,Base_Datos!B:B,"")} -> DFSK | H29: {=IF(I29="","",IFERROR(_xlfn.XLOOKUP(I29,Base_Datos!$D$2:$D3876,Base_Datos!$C$2:$C3876),""))} -> Serie K | I29: K01S | J29: =IF(I29="","",IFERROR(VLOOKUP(I29,Base_Datos!$D$2:$E$72,2,0),"")) -> (1.1L) | M29: 0 | N29: 0
A30: 245 | B30: EVAPORADOR | C30: FALT REP DFSK | F30: =IFERROR( VLOOKUP(A30,#REF!,2,0),"") | G30: {=_xlfn.XLOOKUP(I30,Base_Datos!D:D,Base_Datos!B:B,"")} -> DFSK | H30: {=IF(I30="","",IFERROR(_xlfn.XLOOKUP(I30,Base_Datos!$D$2:$D3876,Base_Datos!$C$2:$C3876),""))} -> Serie C | I30: C37 | J30: =IF(I30="","",IFERROR(VLOOKUP(I30,Base_Datos!$D$2:$E$72,2,0),"")) -> (1.5L) | M30: 0 | N30: 0
A31: 246 | B31: MANILLA PUERTA DELANTERA DERECHA INTERNA | C31: FALT REP DFSK | F31: =IFERROR( VLOOKUP(A31,#REF!,2,0),"") | G31: {=_xlfn.XLOOKUP(I31,Base_Datos!D:D,Base_Datos!B:B,"")} -> DFSK | H31: {=IF(I31="","",IFERROR(_xlfn.XLOOKUP(I31,Base_Datos!$D$2:$D3876,Base_Datos!$C$2:$C3876),""))} -> Serie C | I31: C37 | J31: =IF(I31="","",IFERROR(VLOOKUP(I31,Base_Datos!$D$2:$E$72,2,0),"")) -> (1.5L) | M31: 0 | N31: 0
A32: 247 | B32: MANILLA PUERTA DELANTERA IZQUIERDA INTERNA | C32: FALT REP DFSK | F32: =IFERROR( VLOOKUP(A32,#REF!,2,0),"") | G32: {=_xlfn.XLOOKUP(I32,Base_Datos!D:D,Base_Datos!B:B,"")} -> DFSK | H32: {=IF(I32="","",IFERROR(_xlfn.XLOOKUP(I32,Base_Datos!$D$2:$D3876,Base_Datos!$C$2:$C3876),""))} -> Serie C | I32: C37 | J32: =IF(I32="","",IFERROR(VLOOKUP(I32,Base_Datos!$D$2:$E$72,2,0),"")) -> (1.5L) | M32: 0 | N32: 0
A33: 248 | B33: TENSOR DE CORREA UNICA | C33: FALT REP DFSK | D33: 2909200-01 | E33: 2909200-01 | F33: =IFERROR( VLOOKUP(A33,#REF!,2,0),"") | G33: {=_xlfn.XLOOKUP(I33,Base_Datos!D:D,Base_Datos!B:B,"")} -> DFSK | H33: {=IF(I33="","",IFERROR(_xlfn.XLOOKUP(I33,Base_Datos!$D$2:$D3876,Base_Datos!$C$2:$C3876),""))} -> Serie D | I33: D1 | J33: =IF(I33="","",IFERROR(VLOOKUP(I33,Base_Datos!$D$2:$E$72,2,0),"")) -> (2.4L) | K33: G330 - (1.5L) | M33: 0 | N33: 0
A34: 249 | B34: ARNES PRIMARIO DE MOTOR | C34: FALT REP DFSK | D34: 2909200-01 | E34: 2909200-01 | F34: =IFERROR( VLOOKUP(A34,#REF!,2,0),"") | G34: {=_xlfn.XLOOKUP(I34,Base_Datos!D:D,Base_Datos!B:B,"")} -> DFSK | H34: {=IF(I34="","",IFERROR(_xlfn.XLOOKUP(I34,Base_Datos!$D$2:$D3876,Base_Datos!$C$2:$C3876),""))} -> Serie D | I34: D1 | J34: =IF(I34="","",IFERROR(VLOOKUP(I34,Base_Datos!$D$2:$E$72,2,0),"")) -> (2.4L) | K34: G330 - (1.5L) | M34: 0 | N34: 0
A35: 250 | B35: ARNES DE MOTOR | C35: FALT REP DFSK | D35: 2909200-01 | E35: 2909200-01 | F35: =IFERROR( VLOOKUP(A35,#REF!,2,0),"") | G35: {=_xlfn.XLOOKUP(I35,Base_Datos!D:D,Base_Datos!B:B,"")} -> DFSK | H35: {=IF(I35="","",IFERROR(_xlfn.XLOOKUP(I35,Base_Datos!$D$2:$D3876,Base_Datos!$C$2:$C3876),""))} -> Serie D | I35: D1 | J35: =IF(I35="","",IFERROR(VLOOKUP(I35,Base_Datos!$D$2:$E$72,2,0),"")) -> (2.4L) | K35: G330 - (1.5L) | M35: 0 | N35: 0
A36: 251 | B36: ENVASE DE REFRIGERANTE | C36: FALT REP DFSK | D36: 2909200-01 | E36: 2909200-01 | F36: =IFERROR( VLOOKUP(A36,#REF!,2,0),"") | G36: {=_xlfn.XLOOKUP(I36,Base_Datos!D:D,Base_Datos!B:B,"")} -> DFSK | H36: {=IF(I36="","",IFERROR(_xlfn.XLOOKUP(I36,Base_Datos!$D$2:$D3876,Base_Datos!$C$2:$C3876),""))} -> Serie D | I36: D1 | J36: =IF(I36="","",IFERROR(VLOOKUP(I36,Base_Datos!$D$2:$E$72,2,0),"")) -> (2.4L) | K36: G330 - (1.5L) | M36: 0 | N36: 0
A37: 252 | B37: BOBINA DE IGNICION | C37: FALT REP DFSK | D37: 2909200-01 | E37: 2909200-01 | F37: =IFERROR( VLOOKUP(A37,#REF!,2,0),"") | G37: {=_xlfn.XLOOKUP(I37,Base_Datos!D:D,Base_Datos!B:B,"")} -> DFSK | H37: {=IF(I37="","",IFERROR(_xlfn.XLOOKUP(I37,Base_Datos!$D$2:$D3876,Base_Datos!$C$2:$C3876),""))} -> Serie D | I37: D1 | J37: =IF(I37="","",IFERROR(VLOOKUP(I37,Base_Datos!$D$2:$E$72,2,0),"")) -> (2.4L) | K37: G330 - (1.5L) | M37: 0 | N37: 0
A38: 253 | B38: MODULO IPDM | C38: FALT REP DFSK | D38: 2909200-01 | E38: 2909200-01 | F38: =IFERROR( VLOOKUP(A38,#REF!,2,0),"") | G38: {=_xlfn.XLOOKUP(I38,Base_Datos!D:D,Base_Datos!B:B,"")} -> DFSK | H38: {=IF(I38="","",IFERROR(_xlfn.XLOOKUP(I38,Base_Datos!$D$2:$D3876,Base_Datos!$C$2:$C3876),""))} -> Serie D | I38: D1 | J38: =IF(I38="","",IFERROR(VLOOKUP(I38,Base_Datos!$D$2:$E$72,2,0),"")) -> (2.4L) | K38: G330 - (1.5L) | M38: 0 | N38: 0
A39: 254 | B39: CARDAN MEDIO | C39: FALT REP DFSK | D39: 2909200-01 | E39: 2909200-01 | F39: =IFERROR( VLOOKUP(A39,#REF!,2,0),"") | G39: {=_xlfn.XLOOKUP(I39,Base_Datos!D:D,Base_Datos!B:B,"")} -> DFSK | H39: {=IF(I39="","",IFERROR(_xlfn.XLOOKUP(I39,Base_Datos!$D$2:$D3876,Base_Datos!$C$2:$C3876),""))} -> Serie D | I39: D1 | J39: =IF(I39="","",IFERROR(VLOOKUP(I39,Base_Datos!$D$2:$E$72,2,0),"")) -> (2.4L) | K39: G330 - (1.5L) | M39: 0 | N39: 0
A40: 255 | B40: CARDAN TRASERO | C40: FALT REP DFSK | D40: 2909200-01 | E40: 2909200-01 | F40: =IFERROR( VLOOKUP(A40,#REF!,2,0),"") | G40: {=_xlfn.XLOOKUP(I40,Base_Datos!D:D,Base_Datos!B:B,"")} -> DFSK | H40: {=IF(I40="","",IFERROR(_xlfn.XLOOKUP(I40,Base_Datos!$D$2:$D3876,Base_Datos!$C$2:$C3876),""))} -> Serie D | I40: D1 | J40: =IF(I40="","",IFERROR(VLOOKUP(I40,Base_Datos!$D$2:$E$72,2,0),"")) -> (2.4L) | K40: G330 - (1.5L) | M40: 0 | N40: 0
A41: 256 | B41: GUARDAFANGO TRASERO DERECHO GAS | C41: FALT REP DFSK | D41: 2909200-01 | E41: 2909200-01 | F41: =IFERROR( VLOOKUP(A41,#REF!,2,0),"") | G41: {=_xlfn.XLOOKUP(I41,Base_Datos!D:D,Base_Datos!B:B,"")} -> DFSK | H41: {=IF(I41="","",IFERROR(_xlfn.XLOOKUP(I41,Base_Datos!$D$2:$D3876,Base_Datos!$C$2:$C3876),""))} -> Serie D | I41: D1 | J41: =IF(I41="","",IFERROR(VLOOKUP(I41,Base_Datos!$D$2:$E$72,2,0),"")) -> (2.4L) | K41: G330 - (1.5L) | M41: 0 | N41: 0
A42: 257 | B42: ACOPLADOR 4X4 | C42: FALT REP DFSK | D42: 2909200-01 | E42: 2909200-01 | F42: =IFERROR( VLOOKUP(A42,#REF!,2,0),"") | G42: {=_xlfn.XLOOKUP(I42,Base_Datos!D:D,Base_Datos!B:B,"")} -> DFSK | H42: {=IF(I42="","",IFERROR(_xlfn.XLOOKUP(I42,Base_Datos!$D$2:$D3876,Base_Datos!$C$2:$C3876),""))} -> Serie D | I42: D1 | J42: =IF(I42="","",IFERROR(VLOOKUP(I42,Base_Datos!$D$2:$E$72,2,0),"")) -> (2.4L) | K42: G330 - (1.5L) | M42: 0 | N42: 0
A43: 258 | B43: GUARDAFANGO DELANTERO IZQUIERDO | C43: FALT REP DFSK | D43: 2909200-01 | E43: 2909200-01 | F43: =IFERROR( VLOOKUP(A43,#REF!,2,0),"") | G43: {=_xlfn.XLOOKUP(I43,Base_Datos!D:D,Base_Datos!B:B,"")} -> DFSK | H43: {=IF(I43="","",IFERROR(_xlfn.XLOOKUP(I43,Base_Datos!$D$2:$D3876,Base_Datos!$C$2:$C3876),""))} -> Serie D | I43: D1 | J43: =IF(I43="","",IFERROR(VLOOKUP(I43,Base_Datos!$D$2:$E$72,2,0),"")) -> (2.4L) | K43: G330 - (1.5L) | M43: 0 | N43: 0
A44: 259 | B44: CATALIZADOR | C44: FALT REP DFSK | D44: 2909200-01 | E44: 2909200-01 | F44: =IFERROR( VLOOKUP(A44,#REF!,2,0),"") | G44: {=_xlfn.XLOOKUP(I44,Base_Datos!D:D,Base_Datos!B:B,"")} -> DFSK | H44: {=IF(I44="","",IFERROR(_xlfn.XLOOKUP(I44,Base_Datos!$D$2:$D3876,Base_Datos!$C$2:$C3876),""))} -> Serie Glory | I44: G500 ASPIRADA | J44: =IF(I44="","",IFERROR(VLOOKUP(I44,Base_Datos!$D$2:$E$72,2,0),"")) -> (1.5L) | K44: G330 - (1.5L) | M44: 0 | N44: 0
A45: 260 | B45: SENSOR DE OXIGENO | C45: FALT REP DFSK | F45: =IFERROR( VLOOKUP(A45,#REF!,2,0),"") | G45: {=_xlfn.XLOOKUP(I45,Base_Datos!D:D,Base_Datos!B:B,"")} -> DFSK | H45: {=IF(I45="","",IFERROR(_xlfn.XLOOKUP(I45,Base_Datos!$D$2:$D3876,Base_Datos!$C$2:$C3876),""))} -> Serie Glory | I45: G500 ASPIRADA | J45: =IF(I45="","",IFERROR(VLOOKUP(I45,Base_Datos!$D$2:$E$72,2,0),"")) -> (1.5L) | K45: D51 - (1.5L) | M45: 0 | N45: 0
A46: 261 | B46: FARO IZQUIERDO | C46: FALT REP DFSK | F46: =IFERROR( VLOOKUP(A46,#REF!,2,0),"") | G46: {=_xlfn.XLOOKUP(I46,Base_Datos!D:D,Base_Datos!B:B,"")} -> DFSK | H46: {=IF(I46="","",IFERROR(_xlfn.XLOOKUP(I46,Base_Datos!$D$2:$D3876,Base_Datos!$C$2:$C3876),""))} -> Serie Glory | I46: G500 ASPIRADA | J46: =IF(I46="","",IFERROR(VLOOKUP(I46,Base_Datos!$D$2:$E$72,2,0),"")) -> (1.5L) | K46: D51 - (1.5L) | M46: 0 | N46: 0
A47: 262 | B47: AFORADOR DE COMBUSTIBLE | C47: FALT REP DFSK | D47: 2909200-01 | E47: 2909200-01 | F47: =IFERROR( VLOOKUP(A47,#REF!,2,0),"") | G47: {=_xlfn.XLOOKUP(I47,Base_Datos!D:D,Base_Datos!B:B,"")} -> DFSK | H47: {=IF(I47="","",IFERROR(_xlfn.XLOOKUP(I47,Base_Datos!$D$2:$D3876,Base_Datos!$C$2:$C3876),""))} -> Serie Glory | I47: G500 ASPIRADA | J47: =IF(I47="","",IFERROR(VLOOKUP(I47,Base_Datos!$D$2:$E$72,2,0),"")) -> (1.5L) | K47: G330 - (1.5L) | M47: 0 | N47: 0
A48: 263 | B48: CANA DE DIRECCION | C48: FALT REP DFSK | D48: 2909200-01 | E48: 2909200-01 | F48: =IFERROR( VLOOKUP(A48,#REF!,2,0),"") | G48: {=_xlfn.XLOOKUP(I48,Base_Datos!D:D,Base_Datos!B:B,"")} -> DFSK | H48: {=IF(I48="","",IFERROR(_xlfn.XLOOKUP(I48,Base_Datos!$D$2:$D3876,Base_Datos!$C$2:$C3876),""))} -> Serie Glory | I48: G500 ASPIRADA | J48: =IF(I48="","",IFERROR(VLOOKUP(I48,Base_Datos!$D$2:$E$72,2,0),"")) -> (1.5L) | K48: G330 - (1.5L) | M48: 0 | N48: 0
A49: 264 | B49: COMPUTADORA DE LA CAJA | C49: FALT REP DFSK | D49: 2909200-01 | E49: 2909200-01 | F49: =IFERROR( VLOOKUP(A49,#REF!,2,0),"") | G49: {=_xlfn.XLOOKUP(I49,Base_Datos!D:D,Base_Datos!B:B,"")} -> DFSK | H49: {=IF(I49="","",IFERROR(_xlfn.XLOOKUP(I49,Base_Datos!$D$2:$D3876,Base_Datos!$C$2:$C3876),""))} -> Serie Glory | I49: G500 ASPIRADA | J49: =IF(I49="","",IFERROR(VLOOKUP(I49,Base_Datos!$D$2:$E$72,2,0),"")) -> (1.5L) | K49: G330 - (1.5L) | M49: 0 | N49: 0
A50: 265 | B50: GOMA DELANTERA TUBO DE ESCAPE | C50: FALT REP DFSK | D50: 2909200-01 | E50: 2909200-01 | F50: =IFERROR( VLOOKUP(A50,#REF!,2,0),"") | G50: {=_xlfn.XLOOKUP(I50,Base_Datos!D:D,Base_Datos!B:B,"")} -> DFSK | H50: {=IF(I50="","",IFERROR(_xlfn.XLOOKUP(I50,Base_Datos!$D$2:$D3876,Base_Datos!$C$2:$C3876),""))} -> Serie K | I50: K01S | J50: =IF(I50="","",IFERROR(VLOOKUP(I50,Base_Datos!$D$2:$E$72,2,0),"")) -> (1.1L) | K50: G330 - (1.5L) | M50: 0 | N50: 0
A51: 266 | B51: MODULO BCM | C51: FALT REP DFSK | D51: 2909200-01 | E51: 2909200-01 | F51: =IFERROR( VLOOKUP(A51,#REF!,2,0),"") | G51: {=_xlfn.XLOOKUP(I51,Base_Datos!D:D,Base_Datos!B:B,"")} -> DFSK | H51: {=IF(I51="","",IFERROR(_xlfn.XLOOKUP(I51,Base_Datos!$D$2:$D3876,Base_Datos!$C$2:$C3876),""))} -> Serie K | I51: K01S | J51: =IF(I51="","",IFERROR(VLOOKUP(I51,Base_Datos!$D$2:$E$72,2,0),"")) -> (1.1L) | K51: G330 - (1.5L) | M51: 0 | N51: 0
A52: 267 | B52: SENSOR DE AVANCE | C52: FALT REP DFSK | F52: =IFERROR( VLOOKUP(A52,#REF!,2,0),"") | G52: {=_xlfn.XLOOKUP(I52,Base_Datos!D:D,Base_Datos!B:B,"")} -> DFSK | H52: {=IF(I52="","",IFERROR(_xlfn.XLOOKUP(I52,Base_Datos!$D$2:$D3876,Base_Datos!$C$2:$C3876),""))} -> Serie Glory | I52: G500 ASPIRADA | J52: =IF(I52="","",IFERROR(VLOOKUP(I52,Base_Datos!$D$2:$E$72,2,0),"")) -> (1.5L) | K52: D51 - (1.5L) | M52: 0 | N52: 0
A53: 268 | B53: TAPA SOL IZQUIERDO | C53: FALT REP DFSK | D53: 2909200-01 | E53: 2909200-01 | F53: =IFERROR( VLOOKUP(A53,#REF!,2,0),"") | G53: {=_xlfn.XLOOKUP(I53,Base_Datos!D:D,Base_Datos!B:B,"")} -> DFSK | H53: {=IF(I53="","",IFERROR(_xlfn.XLOOKUP(I53,Base_Datos!$D$2:$D3876,Base_Datos!$C$2:$C3876),""))} -> Serie Glory | I53: G500 ASPIRADA | J53: =IF(I53="","",IFERROR(VLOOKUP(I53,Base_Datos!$D$2:$E$72,2,0),"")) -> (1.5L) | K53: G330 - (1.5L) | M53: 0 | N53: 0
A54: 269 | B54: LUCES DE PARACHOQUE TRASERO | C54: FALT REP DFSK | D54: 2909200-01 | E54: 2909200-01 | F54: =IFERROR( VLOOKUP(A54,#REF!,2,0),"") | G54: {=_xlfn.XLOOKUP(I54,Base_Datos!D:D,Base_Datos!B:B,"")} -> DFSK | H54: {=IF(I54="","",IFERROR(_xlfn.XLOOKUP(I54,Base_Datos!$D$2:$D3876,Base_Datos!$C$2:$C3876),""))} -> Serie Glory | I54: G500 ASPIRADA | J54: =IF(I54="","",IFERROR(VLOOKUP(I54,Base_Datos!$D$2:$E$72,2,0),"")) -> (1.5L) | K54: G330 - (1.5L) | M54: 0 | N54: 0
A55: 270 | B55: MOTOR COMPLETO | C55: FALT REP DFSK | D55: 2909200-01 | E55: 2909200-01 | F55: =IFERROR( VLOOKUP(A55,#REF!,2,0),"") | G55: {=_xlfn.XLOOKUP(I55,Base_Datos!D:D,Base_Datos!B:B,"")} -> DFSK | H55: {=IF(I55="","",IFERROR(_xlfn.XLOOKUP(I55,Base_Datos!$D$2:$D3876,Base_Datos!$C$2:$C3876),""))} -> Serie Glory | I55: G500 TURBO | J55: =IF(I55="","",IFERROR(VLOOKUP(I55,Base_Datos!$D$2:$E$72,2,0),"")) -> (1.5L) | K55: G330 - (1.5L) | M55: 0 | N55: 0
A56: 271 | B56: CAJETIN DE DIRECCION | C56: FALT REP DFSK | D56: 3401100-FK01 | E56: 2909200-01 | F56: =IFERROR( VLOOKUP(A56,#REF!,2,0),"") | G56: {=_xlfn.XLOOKUP(I56,Base_Datos!D:D,Base_Datos!B:B,"")} -> DFSK | H56: {=IF(I56="","",IFERROR(_xlfn.XLOOKUP(I56,Base_Datos!$D$2:$D3876,Base_Datos!$C$2:$C3876),""))} -> Serie Glory | I56: G560 | J56: =IF(I56="","",IFERROR(VLOOKUP(I56,Base_Datos!$D$2:$E$72,2,0),"")) -> (1.8L) | K56: G330 - (1.5L) | M56: 0 | N56: 0
A57: 272 | B57: CLUSTER | C57: FALT REP DFSK | D57: 3820010-FK02 | E57: 3820010-FK02 | F57: =IFERROR( VLOOKUP(A57,#REF!,2,0),"") | G57: {=_xlfn.XLOOKUP(I57,Base_Datos!D:D,Base_Datos!B:B,"")} -> DFSK | H57: {=IF(I57="","",IFERROR(_xlfn.XLOOKUP(I57,Base_Datos!$D$2:$D3876,Base_Datos!$C$2:$C3876),""))} -> Serie Glory | I57: G560 | J57: =IF(I57="","",IFERROR(VLOOKUP(I57,Base_Datos!$D$2:$E$72,2,0),"")) -> (1.8L) | K57: G600 - (1.5L) | M57: 0 | N57: 0
A58: 273 | B58: RELOJ TABLERO | C58: FALT REP DFSK | D58: 2909200-01 | E58: 2909200-01 | F58: =IFERROR( VLOOKUP(A58,#REF!,2,0),"") | G58: {=_xlfn.XLOOKUP(I58,Base_Datos!D:D,Base_Datos!B:B,"")} -> DFSK | H58: {=IF(I58="","",IFERROR(_xlfn.XLOOKUP(I58,Base_Datos!$D$2:$D3876,Base_Datos!$C$2:$C3876),""))} -> Serie Glory | I58: G560 | J58: =IF(I58="","",IFERROR(VLOOKUP(I58,Base_Datos!$D$2:$E$72,2,0),"")) -> (1.8L) | K58: G330 - (1.5L) | M58: 0 | N58: 0
A59: 274 | B59: CONSOLA CENTRAL TRASERO | C59: FALT REP DFSK | D59: 5305030-FK01 | E59: 2909200-01 | F59: =IFERROR( VLOOKUP(A59,#REF!,2,0),"") | G59: {=_xlfn.XLOOKUP(I59,Base_Datos!D:D,Base_Datos!B:B,"")} -> DFSK | H59: {=IF(I59="","",IFERROR(_xlfn.XLOOKUP(I59,Base_Datos!$D$2:$D3876,Base_Datos!$C$2:$C3876),""))} -> Serie Glory | I59: G560 | J59: =IF(I59="","",IFERROR(VLOOKUP(I59,Base_Datos!$D$2:$E$72,2,0),"")) -> (1.8L) | K59: G330 - (1.5L) | M59: 0 | N59: 0
A60: 275 | B60: COMPUTADORA | C60: FALT REP DFSK | D60: 3600100-FK17 | E60: 2909200-01 | F60: =IFERROR( VLOOKUP(A60,#REF!,2,0),"") | G60: {=_xlfn.XLOOKUP(I60,Base_Datos!D:D,Base_Datos!B:B,"")} -> DFSK | H60: {=IF(I60="","",IFERROR(_xlfn.XLOOKUP(I60,Base_Datos!$D$2:$D3876,Base_Datos!$C$2:$C3876),""))} -> Serie Glory | I60: G560 | J60: =IF(I60="","",IFERROR(VLOOKUP(I60,Base_Datos!$D$2:$E$72,2,0),"")) -> (1.8L) | K60: G330 - (1.5L) | M60: 0 | N60: 0
A61: 276 | B61: SOPORTE DE PARACHOQUE DERECHO | C61: FALT REP DFSK | D61: 2803018-FK01 | E61: 2909200-01 | F61: =IFERROR( VLOOKUP(A61,#REF!,2,0),"") | G61: {=_xlfn.XLOOKUP(I61,Base_Datos!D:D,Base_Datos!B:B,"")} -> DFSK | H61: {=IF(I61="","",IFERROR(_xlfn.XLOOKUP(I61,Base_Datos!$D$2:$D3876,Base_Datos!$C$2:$C3876),""))} -> Serie Glory | I61: G560 | J61: =IF(I61="","",IFERROR(VLOOKUP(I61,Base_Datos!$D$2:$E$72,2,0),"")) -> (1.8L) | K61: G330 - (1.5L) | M61: 0 | N61: 0
A62: 277 | B62: SOPORTE DE PARACHOQUE IZQUIERDO | C62: FALT REP DFSK | D62: 2803017-FK01 | E62: 2909200-01 | F62: =IFERROR( VLOOKUP(A62,#REF!,2,0),"") | G62: {=_xlfn.XLOOKUP(I62,Base_Datos!D:D,Base_Datos!B:B,"")} -> DFSK | H62: {=IF(I62="","",IFERROR(_xlfn.XLOOKUP(I62,Base_Datos!$D$2:$D3876,Base_Datos!$C$2:$C3876),""))} -> Serie Glory | I62: G560 | J62: =IF(I62="","",IFERROR(VLOOKUP(I62,Base_Datos!$D$2:$E$72,2,0),"")) -> (1.8L) | K62: G330 - (1.5L) | M62: 0 | N62: 0
A63: 278 | B63: MULTIPLE DE ESCAPE | C63: FALT REP DFSK | D63: 1008100-K00-00 | E63: 2909200-01 | F63: =IFERROR( VLOOKUP(A63,#REF!,2,0),"") | G63: {=_xlfn.XLOOKUP(I63,Base_Datos!D:D,Base_Datos!B:B,"")} -> DFSK | H63: {=IF(I63="","",IFERROR(_xlfn.XLOOKUP(I63,Base_Datos!$D$2:$D3876,Base_Datos!$C$2:$C3876),""))} -> Serie Glory | I63: G560 | J63: =IF(I63="","",IFERROR(VLOOKUP(I63,Base_Datos!$D$2:$E$72,2,0),"")) -> (1.8L) | K63: G330 - (1.5L) | M63: 0 | N63: 0
A64: 279 | B64: MULTIPLE DE ADMISION | C64: FALT REP DFSK | D64: 1008200-K00-00A | E64: 2909200-01 | F64: =IFERROR( VLOOKUP(A64,#REF!,2,0),"") | G64: {=_xlfn.XLOOKUP(I64,Base_Datos!D:D,Base_Datos!B:B,"")} -> DFSK | H64: {=IF(I64="","",IFERROR(_xlfn.XLOOKUP(I64,Base_Datos!$D$2:$D3876,Base_Datos!$C$2:$C3876),""))} -> Serie Glory | I64: G560 | J64: =IF(I64="","",IFERROR(VLOOKUP(I64,Base_Datos!$D$2:$E$72,2,0),"")) -> (1.8L) | K64: G330 - (1.5L) | M64: 0 | N64: 0
A65: 280 | B65: CAJETIN DE DIRECCION | C65: FALT REP DFSK | D65: 3401100-FQ01 | E65: 3401100-FQ01 | F65: =IFERROR( VLOOKUP(A65,#REF!,2,0),"") | G65: {=_xlfn.XLOOKUP(I65,Base_Datos!D:D,Base_Datos!B:B,"")} -> DFSK | H65: {=IF(I65="","",IFERROR(_xlfn.XLOOKUP(I65,Base_Datos!$D$2:$D3876,Base_Datos!$C$2:$C3876),""))} -> Serie Glory | I65: G500 ASPIRADA | J65: =IF(I65="","",IFERROR(VLOOKUP(I65,Base_Datos!$D$2:$E$72,2,0),"")) -> (1.5L) | K65: D51 - (1.5L) | M65: 0 | N65: 0
A66: 281 | B66: CAÑA DE DIRECCION | C66: FALT REP DFSK | D66: 3404100-FQ02 | E66: 2909200-01 | F66: =IFERROR( VLOOKUP(A66,#REF!,2,0),"") | G66: {=_xlfn.XLOOKUP(I66,Base_Datos!D:D,Base_Datos!B:B,"")} -> DFSK | H66: {=IF(I66="","",IFERROR(_xlfn.XLOOKUP(I66,Base_Datos!$D$2:$D3876,Base_Datos!$C$2:$C3876),""))} -> Serie Glory | I66: G500 ASPIRADA | J66: =IF(I66="","",IFERROR(VLOOKUP(I66,Base_Datos!$D$2:$E$72,2,0),"")) -> (1.5L) | K66: G330 - (1.5L) | M66: 0 | N66: 0
A67: 282 | B67: PUNTA DE EJE COMPLETA IZQUIERDO | C67: FALT REP DFSK | D67: 3501100-SF01 | F67: =IFERROR( VLOOKUP(A67,#REF!,2,0),"") | G67: {=_xlfn.XLOOKUP(I67,Base_Datos!D:D,Base_Datos!B:B,"")} -> DFSK | H67: {=IF(I67="","",IFERROR(_xlfn.XLOOKUP(I67,Base_Datos!$D$2:$D3876,Base_Datos!$C$2:$C3876),""))} -> Serie Glory | I67: G500 ASPIRADA | J67: =IF(I67="","",IFERROR(VLOOKUP(I67,Base_Datos!$D$2:$E$72,2,0),"")) -> (1.5L) | K67: D51 - (1.5L) | M67: 0 | N67: 0
A68: 283 | B68: REJILLA CENTRAL A/C DERECHO | C68: FALT REP DFSK | D68: 5306320-FS01 | F68: =IFERROR( VLOOKUP(A68,#REF!,2,0),"") | G68: {=_xlfn.XLOOKUP(I68,Base_Datos!D:D,Base_Datos!B:B,"")} -> DFSK | H68: {=IF(I68="","",IFERROR(_xlfn.XLOOKUP(I68,Base_Datos!$D$2:$D3876,Base_Datos!$C$2:$C3876),""))} -> Serie Glory | I68: G500 ASPIRADA | J68: =IF(I68="","",IFERROR(VLOOKUP(I68,Base_Datos!$D$2:$E$72,2,0),"")) -> (1.5L) | K68: D51 - (1.5L) | M68: 0 | N68: 0
A69: 284 | B69: REJILLA CENTRAL A/C IZQUIERDO | C69: FALT REP DFSK | D69: 5306310-FS01 | F69: =IFERROR( VLOOKUP(A69,#REF!,2,0),"") | G69: {=_xlfn.XLOOKUP(I69,Base_Datos!D:D,Base_Datos!B:B,"")} -> DFSK | H69: {=IF(I69="","",IFERROR(_xlfn.XLOOKUP(I69,Base_Datos!$D$2:$D3876,Base_Datos!$C$2:$C3876),""))} -> Serie Glory | I69: G500 ASPIRADA | J69: =IF(I69="","",IFERROR(VLOOKUP(I69,Base_Datos!$D$2:$E$72,2,0),"")) -> (1.5L) | K69: D51 - (1.5L) | M69: 0 | N69: 0
A70: 285 | B70: RELOJ DE TABLERO PANTALLA | C70: FALT REP DFSK | F70: =IFERROR( VLOOKUP(A70,#REF!,2,0),"") | G70: {=_xlfn.XLOOKUP(I70,Base_Datos!D:D,Base_Datos!B:B,"")} -> DFSK | H70: {=IF(I70="","",IFERROR(_xlfn.XLOOKUP(I70,Base_Datos!$D$2:$D3876,Base_Datos!$C$2:$C3876),""))} -> Serie Glory | I70: G500 ASPIRADA | J70: =IF(I70="","",IFERROR(VLOOKUP(I70,Base_Datos!$D$2:$E$72,2,0),"")) -> (1.5L) | K70: D51 - (1.5L) | M70: 0 | N70: 0
A71: 286 | B71: SOPORTE FRONTAL DE REP | C71: FALT REP DFSK | D71: 8200120-FS01 | E71: 2909200-01 | F71: =IFERROR( VLOOKUP(A71,#REF!,2,0),"") | G71: {=_xlfn.XLOOKUP(I71,Base_Datos!D:D,Base_Datos!B:B,"")} -> DFSK | H71: {=IF(I71="","",IFERROR(_xlfn.XLOOKUP(I71,Base_Datos!$D$2:$D3876,Base_Datos!$C$2:$C3876),""))} -> Serie Glory | I71: G500 ASPIRADA | J71: =IF(I71="","",IFERROR(VLOOKUP(I71,Base_Datos!$D$2:$E$72,2,0),"")) -> (1.5L) | K71: G330 - (1.5L) | M71: 0 | N71: 0
A72: 287 | B72: STOP DERECHO | C72: FALT REP DFSK | D72: 4133120-FS01 | E72: 2909200-01 | F72: =IFERROR( VLOOKUP(A72,#REF!,2,0),"") | G72: {=_xlfn.XLOOKUP(I72,Base_Datos!D:D,Base_Datos!B:B,"")} -> DFSK | H72: {=IF(I72="","",IFERROR(_xlfn.XLOOKUP(I72,Base_Datos!$D$2:$D3876,Base_Datos!$C$2:$C3876),""))} -> Serie Glory | I72: G500 ASPIRADA | J72: =IF(I72="","",IFERROR(VLOOKUP(I72,Base_Datos!$D$2:$E$72,2,0),"")) -> (1.5L) | K72: G330 - (1.5L) | M72: 0 | N72: 0
A73: 288 | B73: STOP IZQUIERDO | C73: FALT REP DFSK | D73: 4133110-FS01 | E73: 2909200-01 | F73: =IFERROR( VLOOKUP(A73,#REF!,2,0),"") | G73: {=_xlfn.XLOOKUP(I73,Base_Datos!D:D,Base_Datos!B:B,"")} -> DFSK | H73: {=IF(I73="","",IFERROR(_xlfn.XLOOKUP(I73,Base_Datos!$D$2:$D3876,Base_Datos!$C$2:$C3876),""))} -> Serie Glory | I73: G500 ASPIRADA | J73: =IF(I73="","",IFERROR(VLOOKUP(I73,Base_Datos!$D$2:$E$72,2,0),"")) -> (1.5L) | K73: G330 - (1.5L) | M73: 0 | N73: 0
A74: 289 | B74: VOLANTE | C74: FALT REP DFSK | D74: 3402010-SF02 | E74: 2909200-01 | F74: =IFERROR( VLOOKUP(A74,#REF!,2,0),"") | G74: {=_xlfn.XLOOKUP(I74,Base_Datos!D:D,Base_Datos!B:B,"")} -> DFSK | H74: {=IF(I74="","",IFERROR(_xlfn.XLOOKUP(I74,Base_Datos!$D$2:$D3876,Base_Datos!$C$2:$C3876),""))} -> Serie Glory | I74: G500 ASPIRADA | J74: =IF(I74="","",IFERROR(VLOOKUP(I74,Base_Datos!$D$2:$E$72,2,0),"")) -> (1.5L) | K74: G330 - (1.5L) | M74: 0 | N74: 0
A75: 290 | B75: CLUSTER | C75: FALT REP DFSK | D75: 3820010-FK02 | F75: =IFERROR( VLOOKUP(A75,#REF!,2,0),"") | G75: {=_xlfn.XLOOKUP(I75,Base_Datos!D:D,Base_Datos!B:B,"")} -> DFSK | H75: {=IF(I75="","",IFERROR(_xlfn.XLOOKUP(I75,Base_Datos!$D$2:$D3876,Base_Datos!$C$2:$C3876),""))} -> Serie Glory | I75: G500 ASPIRADA | J75: =IF(I75="","",IFERROR(VLOOKUP(I75,Base_Datos!$D$2:$E$72,2,0),"")) -> (1.5L) | K75: D51 - (1.5L), G500 TURBO - (1.5L) | M75: 0 | N75: 0
A76: 291 | B76: RIEL DE INYECTORES | C76: FALT REP DFSK | D76: 3614100-E21-00 | F76: =IFERROR( VLOOKUP(A76,#REF!,2,0),"") | G76: {=_xlfn.XLOOKUP(I76,Base_Datos!D:D,Base_Datos!B:B,"")} -> DFSK | H76: {=IF(I76="","",IFERROR(_xlfn.XLOOKUP(I76,Base_Datos!$D$2:$D3876,Base_Datos!$C$2:$C3876),""))} -> Serie Glory | I76: G500 TURBO | J76: =IF(I76="","",IFERROR(VLOOKUP(I76,Base_Datos!$D$2:$E$72,2,0),"")) -> (1.5L) | K76: D71 - (1.5L) | M76: 0 | N76: 0
A77: 292 | B77: ROTULA | C77: FALT REP DFSK | D77: 2801800-FS01 | E77: 2801800-FS01 | F77: =IFERROR( VLOOKUP(A77,#REF!,2,0),"") | G77: {=_xlfn.XLOOKUP(I77,Base_Datos!D:D,Base_Datos!B:B,"")} -> DFSK | H77: {=IF(I77="","",IFERROR(_xlfn.XLOOKUP(I77,Base_Datos!$D$2:$D3876,Base_Datos!$C$2:$C3876),""))} -> Serie Glory | I77: G500 ASPIRADA | J77: =IF(I77="","",IFERROR(VLOOKUP(I77,Base_Datos!$D$2:$E$72,2,0),"")) -> (1.5L) | K77: D51 - (1.5L) | M77: 0 | N77: 0
A78: 293 | B78: VARIADOR DE VVT | C78: FALT REP DFSK | D78: 1021800-D03-00 | E78: 1021800-D03-00 | F78: =IFERROR( VLOOKUP(A78,#REF!,2,0),"") | G78: {=_xlfn.XLOOKUP(I78,Base_Datos!D:D,Base_Datos!B:B,"")} -> DFSK | H78: {=IF(I78="","",IFERROR(_xlfn.XLOOKUP(I78,Base_Datos!$D$2:$D3876,Base_Datos!$C$2:$C3876),""))} -> Serie Glory | I78: G500 TURBO | J78: =IF(I78="","",IFERROR(VLOOKUP(I78,Base_Datos!$D$2:$E$72,2,0),"")) -> (1.5L) | K78: D51 - (1.5L), G500 TURBO - (1.5L) | M78: 0 | N78: 0
A79: 294 | B79: VIGA FRONTAL DE IMPACTO | C79: FALT REP DFSK | D79: 2802431-FQ01 | E79: 2802431-FQ01 | F79: =IFERROR( VLOOKUP(A79,#REF!,2,0),"") | G79: {=_xlfn.XLOOKUP(I79,Base_Datos!D:D,Base_Datos!B:B,"")} -> DFSK | H79: {=IF(I79="","",IFERROR(_xlfn.XLOOKUP(I79,Base_Datos!$D$2:$D3876,Base_Datos!$C$2:$C3876),""))} -> Serie Glory | I79: G500 TURBO | J79: =IF(I79="","",IFERROR(VLOOKUP(I79,Base_Datos!$D$2:$E$72,2,0),"")) -> (1.5L) | K79: D51 - (1.5L) | M79: 0 | N79: 0
A80: 295 | B80: BOBINAS | C80: FALT REP DFSK | F80: =IFERROR( VLOOKUP(A80,#REF!,2,0),"") | G80: {=_xlfn.XLOOKUP(I80,Base_Datos!D:D,Base_Datos!B:B,"")} -> DFSK | H80: {=IF(I80="","",IFERROR(_xlfn.XLOOKUP(I80,Base_Datos!$D$2:$D3876,Base_Datos!$C$2:$C3876),""))} -> Serie Glory | I80: G500 TURBO | J80: =IF(I80="","",IFERROR(VLOOKUP(I80,Base_Datos!$D$2:$E$72,2,0),"")) -> (1.5L) | K80: D51 - (1.5L) | M80: 0 | N80: 0
A81: 296 | B81: MODULO DE GASOLINA | C81: FALT REP DFSK | F81: =IFERROR( VLOOKUP(A81,#REF!,2,0),"") | G81: {=_xlfn.XLOOKUP(I81,Base_Datos!D:D,Base_Datos!B:B,"")} -> DFSK | H81: {=IF(I81="","",IFERROR(_xlfn.XLOOKUP(I81,Base_Datos!$D$2:$D3876,Base_Datos!$C$2:$C3876),""))} -> Serie Glory | I81: G500 TURBO | J81: =IF(I81="","",IFERROR(VLOOKUP(I81,Base_Datos!$D$2:$E$72,2,0),"")) -> (1.5L) | K81: D51 - (1.5L) | M81: 0 | N81: 0
A82: 297 | B82: VIDRIO PUERTA TRASERA DERECHA | C82: FALT REP DFSK | D82: 6203311-FS01-LB01 | E82: 6203311-FS01-LB01 | F82: =IFERROR( VLOOKUP(A82,#REF!,2,0),"") | G82: {=_xlfn.XLOOKUP(I82,Base_Datos!D:D,Base_Datos!B:B,"")} -> DFSK | H82: {=IF(I82="","",IFERROR(_xlfn.XLOOKUP(I82,Base_Datos!$D$2:$D3876,Base_Datos!$C$2:$C3876),""))} -> Serie Glory | I82: G500 TURBO | J82: =IF(I82="","",IFERROR(VLOOKUP(I82,Base_Datos!$D$2:$E$72,2,0),"")) -> (1.5L) | K82: D51 - (1.5L) | M82: 0 | N82: 0
A83: 298 | B83: BUCHE DERECHO | C83: FALT REP DFSK | D83: 6203311-FS01-LB01 | E83: 6203311-FS01-LB01 | F83: =IFERROR( VLOOKUP(A83,#REF!,2,0),"") | G83: {=_xlfn.XLOOKUP(I83,Base_Datos!D:D,Base_Datos!B:B,"")} -> DFSK | H83: {=IF(I83="","",IFERROR(_xlfn.XLOOKUP(I83,Base_Datos!$D$2:$D3876,Base_Datos!$C$2:$C3876),""))} -> Serie Glory | I83: G500 ASPIRADA | J83: =IF(I83="","",IFERROR(VLOOKUP(I83,Base_Datos!$D$2:$E$72,2,0),"")) -> (1.5L) | K83: D51 - (1.5L) | M83: 0 | N83: 0
A84: 299 | B84: GUARDAFANGO DERECHO | C84: FALT REP DFSK | D84: 5504011-FS01 | E84: 5504011-FS01 | F84: =IFERROR( VLOOKUP(A84,#REF!,2,0),"") | G84: {=_xlfn.XLOOKUP(I84,Base_Datos!D:D,Base_Datos!B:B,"")} -> DFSK | H84: {=IF(I84="","",IFERROR(_xlfn.XLOOKUP(I84,Base_Datos!$D$2:$D3876,Base_Datos!$C$2:$C3876),""))} -> Serie Glory | I84: G500 ASPIRADA | J84: =IF(I84="","",IFERROR(VLOOKUP(I84,Base_Datos!$D$2:$E$72,2,0),"")) -> (1.5L) | K84: D51 - (1.5L) | M84: 0 | N84: 0
A85: 300 | B85: GUARDABARRO DERECHO | C85: FALT REP DFSK | D85: 5504011-FS01 | E85: 5504011-FS01 | F85: =IFERROR( VLOOKUP(A85,#REF!,2,0),"") | G85: {=_xlfn.XLOOKUP(I85,Base_Datos!D:D,Base_Datos!B:B,"")} -> DFSK | H85: {=IF(I85="","",IFERROR(_xlfn.XLOOKUP(I85,Base_Datos!$D$2:$D3876,Base_Datos!$C$2:$C3876),""))} -> Serie Glory | I85: G500 ASPIRADA | J85: =IF(I85="","",IFERROR(VLOOKUP(I85,Base_Datos!$D$2:$E$72,2,0),"")) -> (1.5L) | K85: D51 - (1.5L) | M85: 0 | N85: 0
A86: 301 | B86: FARO DERECHO | C86: FALT REP DFSK | D86: 5504011-FS01 | E86: 5504011-FS01 | F86: =IFERROR( VLOOKUP(A86,#REF!,2,0),"") | G86: {=_xlfn.XLOOKUP(I86,Base_Datos!D:D,Base_Datos!B:B,"")} -> DFSK | H86: {=IF(I86="","",IFERROR(_xlfn.XLOOKUP(I86,Base_Datos!$D$2:$D3876,Base_Datos!$C$2:$C3876),""))} -> Serie Glory | I86: G500 ASPIRADA | J86: =IF(I86="","",IFERROR(VLOOKUP(I86,Base_Datos!$D$2:$E$72,2,0),"")) -> (1.5L) | K86: D51 - (1.5L) | M86: 0 | N86: 0
A87: 302 | B87: MANILLA PUERTA TRASERA EXT DERECHA | C87: FALT REP DFSK | F87: =IFERROR( VLOOKUP(A87,#REF!,2,0),"") | G87: {=_xlfn.XLOOKUP(I87,Base_Datos!D:D,Base_Datos!B:B,"")} -> DFSK | H87: {=IF(I87="","",IFERROR(_xlfn.XLOOKUP(I87,Base_Datos!$D$2:$D3876,Base_Datos!$C$2:$C3876),""))} -> Serie C | I87: C37 | J87: =IF(I87="","",IFERROR(VLOOKUP(I87,Base_Datos!$D$2:$E$72,2,0),"")) -> (1.5L) | M87: 0 | N87: 0
A88: 303 | B88: REPRODUCTOR | C88: FALT REP DFSK | F88: =IFERROR( VLOOKUP(A88,#REF!,2,0),"") | G88: {=_xlfn.XLOOKUP(I88,Base_Datos!D:D,Base_Datos!B:B,"")} -> DFSK | H88: {=IF(I88="","",IFERROR(_xlfn.XLOOKUP(I88,Base_Datos!$D$2:$D3876,Base_Datos!$C$2:$C3876),""))} -> Serie C | I88: C37 | J88: =IF(I88="","",IFERROR(VLOOKUP(I88,Base_Datos!$D$2:$E$72,2,0),"")) -> (1.5L) | M88: 0 | N88: 0
A89: 304 | B89: REJILLA CENTRAL A/C IZQUIERDO | C89: FALT REP DFSK | F89: =IFERROR( VLOOKUP(A89,#REF!,2,0),"") | G89: {=_xlfn.XLOOKUP(I89,Base_Datos!D:D,Base_Datos!B:B,"")} -> DFSK | H89: {=IF(I89="","",IFERROR(_xlfn.XLOOKUP(I89,Base_Datos!$D$2:$D3876,Base_Datos!$C$2:$C3876),""))} -> Serie C | I89: C37 | J89: =IF(I89="","",IFERROR(VLOOKUP(I89,Base_Datos!$D$2:$E$72,2,0),"")) -> (1.5L) | M89: 0 | N89: 0
A90: 305 | B90: REJILLA CENTRAL A/C DERECHO | C90: FALT REP DFSK | F90: =IFERROR( VLOOKUP(A90,#REF!,2,0),"") | G90: {=_xlfn.XLOOKUP(I90,Base_Datos!D:D,Base_Datos!B:B,"")} -> DFSK | H90: {=IF(I90="","",IFERROR(_xlfn.XLOOKUP(I90,Base_Datos!$D$2:$D3876,Base_Datos!$C$2:$C3876),""))} -> Serie C | I90: C37 | J90: =IF(I90="","",IFERROR(VLOOKUP(I90,Base_Datos!$D$2:$E$72,2,0),"")) -> (1.5L) | M90: 0 | N90: 0
A91: 306 | B91: CLUSTER | C91: FALT REP DFSK | F91: =IFERROR( VLOOKUP(A91,#REF!,2,0),"") | G91: {=_xlfn.XLOOKUP(I91,Base_Datos!D:D,Base_Datos!B:B,"")} -> DFSK | H91: {=IF(I91="","",IFERROR(_xlfn.XLOOKUP(I91,Base_Datos!$D$2:$D3876,Base_Datos!$C$2:$C3876),""))} -> Serie C | I91: C37 | J91: =IF(I91="","",IFERROR(VLOOKUP(I91,Base_Datos!$D$2:$E$72,2,0),"")) -> (1.5L) | M91: 0 | N91: 0
A92: 307 | B92: SOPLADOR | C92: FALT REP DFSK | F92: =IFERROR( VLOOKUP(A92,#REF!,2,0),"") | G92: {=_xlfn.XLOOKUP(I92,Base_Datos!D:D,Base_Datos!B:B,"")} -> DFSK | H92: {=IF(I92="","",IFERROR(_xlfn.XLOOKUP(I92,Base_Datos!$D$2:$D3876,Base_Datos!$C$2:$C3876),""))} -> Serie C | I92: C37 | J92: =IF(I92="","",IFERROR(VLOOKUP(I92,Base_Datos!$D$2:$E$72,2,0),"")) -> (1.5L) | M92: 0 | N92: 0
A93: 308 | B93: CONDENSADOR | C93: FALT REP DFSK | F93: =IFERROR( VLOOKUP(A93,#REF!,2,0),"") | G93: {=_xlfn.XLOOKUP(I93,Base_Datos!D:D,Base_Datos!B:B,"")} -> DFSK | H93: {=IF(I93="","",IFERROR(_xlfn.XLOOKUP(I93,Base_Datos!$D$2:$D3876,Base_Datos!$C$2:$C3876),""))} -> Serie C | I93: C31 | J93: =IF(I93="","",IFERROR(VLOOKUP(I93,Base_Datos!$D$2:$E$72,2,0),"")) -> (1.5L) | K93: G330 - (1.5L) | M93: 0 | N93: 0
A94: 309 | B94: PUERTA DERECHA DELANTERA | C94: FALT REP DFSK | F94: =IFERROR( VLOOKUP(A94,#REF!,2,0),"") | G94: {=_xlfn.XLOOKUP(I94,Base_Datos!D:D,Base_Datos!B:B,"")} -> DFSK | H94: {=IF(I94="","",IFERROR(_xlfn.XLOOKUP(I94,Base_Datos!$D$2:$D3876,Base_Datos!$C$2:$C3876),""))} -> Serie C | I94: C31 | J94: =IF(I94="","",IFERROR(VLOOKUP(I94,Base_Datos!$D$2:$E$72,2,0),"")) -> (1.5L) | K94: G330 - (1.5L) | M94: 0 | N94: 0
A95: 310 | B95: BUJIAS | C95: FALT REP DFSK | F95: =IFERROR( VLOOKUP(A95,#REF!,2,0),"") | G95: {=_xlfn.XLOOKUP(I95,Base_Datos!D:D,Base_Datos!B:B,"")} -> DFSK | H95: {=IF(I95="","",IFERROR(_xlfn.XLOOKUP(I95,Base_Datos!$D$2:$D3876,Base_Datos!$C$2:$C3876),""))} -> Serie C | I95: C31 | J95: =IF(I95="","",IFERROR(VLOOKUP(I95,Base_Datos!$D$2:$E$72,2,0),"")) -> (1.5L) | K95: G330 - (1.5L) | M95: 0 | N95: 0
A96: 311 | B96: CORREA DE DIRECCION | C96: FALT REP DFSK | F96: =IFERROR( VLOOKUP(A96,#REF!,2,0),"") | G96: {=_xlfn.XLOOKUP(I96,Base_Datos!D:D,Base_Datos!B:B,"")} -> DFSK | H96: {=IF(I96="","",IFERROR(_xlfn.XLOOKUP(I96,Base_Datos!$D$2:$D3876,Base_Datos!$C$2:$C3876),""))} -> Serie C | I96: C31 | J96: =IF(I96="","",IFERROR(VLOOKUP(I96,Base_Datos!$D$2:$E$72,2,0),"")) -> (1.5L) | M96: 0 | N96: 0
A97: 312 | B97: CORREA DE ALTERNADOR | C97: FALT REP DFSK | F97: =IFERROR( VLOOKUP(A97,#REF!,2,0),"") | G97: {=_xlfn.XLOOKUP(I97,Base_Datos!D:D,Base_Datos!B:B,"")} -> DFSK | H97: {=IF(I97="","",IFERROR(_xlfn.XLOOKUP(I97,Base_Datos!$D$2:$D3876,Base_Datos!$C$2:$C3876),""))} -> Serie C | I97: C31 | J97: =IF(I97="","",IFERROR(VLOOKUP(I97,Base_Datos!$D$2:$E$72,2,0),"")) -> (1.5L) | M97: 0 | N97: 0
A98: 313 | B98: CARDAN | C98: FALT REP DFSK | F98: =IFERROR( VLOOKUP(A98,#REF!,2,0),"") | G98: {=_xlfn.XLOOKUP(I98,Base_Datos!D:D,Base_Datos!B:B,"")} -> DFSK | H98: {=IF(I98="","",IFERROR(_xlfn.XLOOKUP(I98,Base_Datos!$D$2:$D3876,Base_Datos!$C$2:$C3876),""))} -> Serie C | I98: C31 | J98: =IF(I98="","",IFERROR(VLOOKUP(I98,Base_Datos!$D$2:$E$72,2,0),"")) -> (1.5L) | M98: 0 | N98: 0
A99: 314 | B99: COMPUERTA TRASERA | C99: FALT REP DFSK | F99: =IFERROR( VLOOKUP(A99,#REF!,2,0),"") | G99: {=_xlfn.XLOOKUP(I99,Base_Datos!D:D,Base_Datos!B:B,"")} -> DFSK | H99: {=IF(I99="","",IFERROR(_xlfn.XLOOKUP(I99,Base_Datos!$D$2:$D3876,Base_Datos!$C$2:$C3876),""))} -> Serie C | I99: C31 | J99: =IF(I99="","",IFERROR(VLOOKUP(I99,Base_Datos!$D$2:$E$72,2,0),"")) -> (1.5L) | M99: 0 | N99: 0
A100: 315 | B100: GUANTERA | C100: FALT REP DFSK | F100: =IFERROR( VLOOKUP(A100,#REF!,2,0),"") | G100: {=_xlfn.XLOOKUP(I100,Base_Datos!D:D,Base_Datos!B:B,"")} -> DFSK | H100: {=IF(I100="","",IFERROR(_xlfn.XLOOKUP(I100,Base_Datos!$D$2:$D3876,Base_Datos!$C$2:$C3876),""))} -> Serie C | I100: C31 | J100: =IF(I100="","",IFERROR(VLOOKUP(I100,Base_Datos!$D$2:$E$72,2,0),"")) -> (1.5L) | M100: 0 | N100: 0
...

Sheet Base_Datos
A1: CATEGORIA | B1: MARCA | C1: SERIE | D1: MODELO | E1: VERSION | F1: MARCA / MODELO | G1: MARCA / SERIE | H1: MODELO / VERSION | I1: METRICA
A2: BLUESKY | B2: DFSK | C2: Serie K | D2: K01S | E2: (1.1L) | F2: =B2&" - "&D2 -> DFSK - K01S | G2: =B2&" - "&C2 -> DFSK - Serie K | H2: =D2&" - "&E2 -> K01S - (1.1L) | I2: PIEZA
A3: REPUESTOS NACIONALES/PLAZA | B3: DFSK | C3: Serie K | D3: K01S | E3: (1.2L) | F3: =B3&" - "&D3 -> DFSK - K01S | G3: =B3&" - "&C3 -> DFSK - Serie K | H3: =D3&" - "&E3 -> K01S - (1.2L) | I3: JUEGO / KIT
A4: ELEMENTOS ENSAMBLE | B4: DFSK | C4: Serie K | D4: K02S | E4: (1.1L) | F4: =B4&" - "&D4 -> DFSK - K02S | G4: =B4&" - "&C4 -> DFSK - Serie K | H4: =D4&" - "&E4 -> K02S - (1.1L) | I4: PAR
A5: DFSK | B5: DFSK | C5: Serie K | D5: K05 | E5: (1.1L) | F5: =B5&" - "&D5 -> DFSK - K05 | G5: =B5&" - "&C5 -> DFSK - Serie K | H5: =D5&" - "&E5 -> K05 - (1.1L) | I5: LITROS
A6: FALT REP DFSK | B6: DFSK | C6: Serie K | D6: K07 | E6: (1.1L) | F6: =B6&" - "&D6 -> DFSK - K07 | G6: =B6&" - "&C6 -> DFSK - Serie K | H6: =D6&" - "&E6 -> K07 - (1.1L) | I6: CUARTO (QT)
A7: FALT REP GAC | B7: DFSK | C7: Serie C | D7: C31 | E7: (1.5L) | F7: =B7&" - "&D7 -> DFSK - C31 | G7: =B7&" - "&C7 -> DFSK - Serie C | H7: =D7&" - "&E7 -> C31 - (1.5L) | I7: GALÓN
A8: SHINERAY | B8: DFSK | C8: Serie C | D8: C32 | E8: (1.5L) | F8: =B8&" - "&D8 -> DFSK - C32 | G8: =B8&" - "&C8 -> DFSK - Serie C | H8: =D8&" - "&E8 -> C32 - (1.5L) | I8: CUÑETE (5 GAL)
A9: DONGFENG | B9: DFSK | C9: Serie D | D9: D1 | E9: (2.4L) | F9: =B9&" - "&D9 -> DFSK - D1 | G9: =B9&" - "&C9 -> DFSK - Serie D | H9: =D9&" - "&E9 -> D1 - (2.4L) | I9: TAMBOR (55 GAL)
A10: RETOMAS | B10: DFSK | C10: Serie C | D10: C35 | E10: (1.5L) | F10: =B10&" - "&D10 -> DFSK - C35 | G10: =B10&" - "&C10 -> DFSK - Serie C | H10: =D10&" - "&E10 -> C35 - (1.5L) | I10: SPRAY / AEROSOL
A11: GAC | B11: DFSK | C11: Serie C | D11: C37 | E11: (1.5L) | F11: =B11&" - "&D11 -> DFSK - C37 | G11: =B11&" - "&C11 -> DFSK - Serie C | H11: =D11&" - "&E11 -> C37 - (1.5L) | I11: TUBO / CARTUCHO
A12: FAW | B12: DFSK | C12: Serie Glory | D12: G500 TURBO | E12: (1.5L) | F12: =B12&" - "&D12 -> DFSK - G500 TURBO | G12: =B12&" - "&C12 -> DFSK - Serie Glory | H12: =D12&" - "&E12 -> G500 TURBO - (1.5L) | I12: POTE / ENVASE
A13: MATERIAL POP | B13: DFSK | C13: Serie Glory | D13: G500 ASPIRADA | E13: (1.5L) | F13: =B13&" - "&D13 -> DFSK - G500 ASPIRADA | G13: =B13&" - "&C13 -> DFSK - Serie Glory | H13: =D13&" - "&E13 -> G500 ASPIRADA - (1.5L) | I13: METRO
... A16: COSTEO/ENSAMBLE/GGOO | B16: DFSK | C16: Serie Glory | D16: G560 | E16: (1.8L) | F16: =B16&" - "&D16 -> DFSK - G560 | G16: =B16&" - "&C16 -> DFSK - Serie Glory | H16: =D16&" - "&E16 -> G560 - (1.8L) | I16: UNIDAD
A17: REPUESTOS | B17: DFSK | C17: Serie Glory | D17: G330 | E17: (1.5L) | F17: =B17&" - "&D17 -> DFSK - G330 | G17: =B17&" - "&C17 -> DFSK - Serie Glory | H17: =D17&" - "&E17 -> G330 - (1.5L)
A18: REPUESTOS GAC | B18: DFSK | C18: Serie Glory | D18: G580 | E18: (1.5L) | F18: =B18&" - "&D18 -> DFSK - G580 | G18: =B18&" - "&C18 -> DFSK - Serie Glory | H18: =D18&" - "&E18 -> G580 - (1.5L)
A19: LATONERIA Y PINTURA | B19: DFSK | C19: Serie Glory | D19: G560 | E19: (1.5L) | F19: =B19&" - "&D19 -> DFSK - G560 | G19: =B19&" - "&C19 -> DFSK - Serie Glory | H19: =D19&" - "&E19 -> G560 - (1.5L)
A20: REPUESTOS DFSK | B20: DFSK | C20: Serie D | D20: D51 | E20: (1.5L) | F20: =B20&" - "&D20 -> DFSK - D51 | G20: =B20&" - "&C20 -> DFSK - Serie D | H20: =D20&" - "&E20 -> D51 - (1.5L)
A21: REPUESTOS SHINERAY | B21: DFSK | C21: Serie D | D21: D71 | E21: (1.5L) | F21: =B21&" - "&D21 -> DFSK - D71 | G21: =B21&" - "&C21 -> DFSK - Serie D | H21: =D21&" - "&E21 -> D71 - (1.5L)
A22: REPUESTOS REBITTE | B22: DFSK | C22: Serie D | D22: D72 | E22: (1.5L) | F22: =B22&" - "&D22 -> DFSK - D72 | G22: =B22&" - "&C22 -> DFSK - Serie D | H22: =D22&" - "&E22 -> D72 - (1.5L)
A23: REPUESTOS REBATTE | B23: DFSK | C23: Serie IX | D23: IX5 | E23: (1.5L) | F23: =B23&" - "&D23 -> DFSK - IX5 | G23: =B23&" - "&C23 -> DFSK - Serie IX | H23: =D23&" - "&E23 -> IX5 - (1.5L)
A24: REPUESTOS - GLORY 500 | B24: GAC | C24: Serie Smilodon | D24: SMILODON SE | E24: (2.4L) | F24: =B24&" - "&D24 -> GAC - SMILODON SE | G24: =B24&" - "&C24 -> GAC - Serie Smilodon | H24: =D24&" - "&E24 -> SMILODON SE - (2.4L)
A25: REPUESTOS - SERIE K | B25: GAC | C25: Serie S | D25: S7 | E25: (1.5L) | F25: =B25&" - "&D25 -> GAC - S7 | G25: =B25&" - "&C25 -> GAC - Serie S | H25: =D25&" - "&E25 -> S7 - (1.5L)
A26: ESTACAS/CISTERNA | B26: GAC | C26: Serie GS | D26: GS8 | E26: (2.0L) | F26: =B26&" - "&D26 -> GAC - GS8 | G26: =B26&" - "&C26 -> GAC - Serie GS | H26: =D26&" - "&E26 -> GS8 - (2.0L)
A27: REPUESTOS "DESUSO" | B27: GAC | C27: Serie Empow | D27: EMPOW 2.0 | E27: (2.0L) | F27: =B27&" - "&D27 -> GAC - EMPOW 2.0 | G27: =B27&" - "&C27 -> GAC - Serie Empow | H27: =D27&" - "&E27 -> EMPOW 2.0 - (2.0L)
A28: REPUESTOS GRUA | B28: GAC | C28: Serie Emzoom | D28: EMZOOM R STYLE | E28: (1.5L) | F28: =B28&" - "&D28 -> GAC - EMZOOM R STYLE | G28: =B28&" - "&C28 -> GAC - Serie Emzoom | H28: =D28&" - "&E28 -> EMZOOM R STYLE - (1.5L)
A29: VEHICULO | B29: GAC | C29: Serie Empow | D29: EMPOW | E29: (1.5L) | F29: =B29&" - "&D29 -> GAC - EMPOW | G29: =B29&" - "&C29 -> GAC - Serie Empow | H29: =D29&" - "&E29 -> EMPOW - (1.5L)
B30: GAC | C30: Serie Smilodon | D30: SMILODON B PRO | E30: (2.4L) | F30: =B30&" - "&D30 -> GAC - SMILODON B PRO | G30: =B30&" - "&C30 -> GAC - Serie Smilodon | H30: =D30&" - "&E30 -> SMILODON B PRO - (2.4L)
B31: GAC | C31: Serie Emzoom | D31: EMZOOM | E31: (1.5L) | F31: =B31&" - "&D31 -> GAC - EMZOOM | G31: =B31&" - "&C31 -> GAC - Serie Emzoom | H31: =D31&" - "&E31 -> EMZOOM - (1.5L)
B32: GAC | C32: Serie Aion | D32: AION UT | E32: (EV) | F32: =B32&" - "&D32 -> GAC - AION UT | G32: =B32&" - "&C32 -> GAC - Serie Aion | H32: =D32&" - "&E32 -> AION UT - (EV)
B33: GAC | C33: Serie Smilodon | D33: SMILODON SE | E33: (2.8L) | F33: =B33&" - "&D33 -> GAC - SMILODON SE | G33: =B33&" - "&C33 -> GAC - Serie Smilodon | H33: =D33&" - "&E33 -> SMILODON SE - (2.8L)
B34: GAC | C34: Serie GS | D34: GS3 | E34: (1.5L) | F34: =B34&" - "&D34 -> GAC - GS3 | G34: =B34&" - "&C34 -> GAC - Serie GS | H34: =D34&" - "&E34 -> GS3 - (1.5L)
B35: SHINERAY | C35: Serie T | D35: T30 | E35: (1.6L) | F35: =B35&" - "&D35 -> SHINERAY - T30 | G35: =B35&" - "&C35 -> SHINERAY - Serie T | H35: =D35&" - "&E35 -> T30 - (1.6L)
B36: SHINERAY | C36: Serie T | D36: T32 | E36: (1.6L) | F36: =B36&" - "&D36 -> SHINERAY - T32 | G36: =B36&" - "&C36 -> SHINERAY - Serie T | H36: =D36&" - "&E36 -> T32 - (1.6L)
B37: SHINERAY | C37: Serie X30 | D37: X30L CARGA | E37: (1.5L) | F37: =B37&" - "&D37 -> SHINERAY - X30L CARGA | G37: =B37&" - "&C37 -> SHINERAY - Serie X30 | H37: =D37&" - "&E37 -> X30L CARGA - (1.5L)
B38: SHINERAY | C38: Serie X30 | D38: X30L PASAJEROS | E38: (1.5L) | F38: =B38&" - "&D38 -> SHINERAY - X30L PASAJEROS | G38: =B38&" - "&C38 -> SHINERAY - Serie X30 | H38: =D38&" - "&E38 -> X30L PASAJEROS - (1.5L)
B39: SHINERAY | C39: Serie T | D39: T30 | E39: (1.5L) | F39: =B39&" - "&D39 -> SHINERAY - T30 | G39: =B39&" - "&C39 -> SHINERAY - Serie T | H39: =D39&" - "&E39 -> T30 - (1.5L)
B40: SHINERAY | C40: Serie T | D40: T32 | E40: (1.5L) | F40: =B40&" - "&D40 -> SHINERAY - T32 | G40: =B40&" - "&C40 -> SHINERAY - Serie T | H40: =D40&" - "&E40 -> T32 - (1.5L)
B41: SHINERAY | C41: Serie X30 | D41: X30L CARGA | E41: (1.6L) | F41: =B41&" - "&D41 -> SHINERAY - X30L CARGA | G41: =B41&" - "&C41 -> SHINERAY - Serie X30 | H41: =D41&" - "&E41 -> X30L CARGA - (1.6L)
... B64: MOTUL | C64: MOTOR | D64: 20W-50 | E64: MINERAL | F64: =B64&" - "&D64 -> MOTUL - 20W-50 | G64: =B64&" - "&C64 -> MOTUL - MOTOR | H64: =D64&" - "&E64 -> 20W-50 - MINERAL
B65: MOTUL | C65: TRASMISION | D65: 75W-90 | F65: =B65&" - "&D65 -> MOTUL - 75W-90 | G65: =B65&" - "&C65 -> MOTUL - TRASMISION
B66: MOTUL | C66: TRASMISION | D66: 80W-90 | F66: =B66&" - "&D66 -> MOTUL - 80W-90 | G66: =B66&" - "&C66 -> MOTUL - TRASMISION
B67: MOTUL | C67: TRASMISION | D67: DCTF | F67: =B67&" - "&D67 -> MOTUL - DCTF | G67: =B67&" - "&C67 -> MOTUL - TRASMISION
B68: MOTUL | C68: TRASMISION | D68: CVTF | F68: =B68&" - "&D68 -> MOTUL - CVTF | G68: =B68&" - "&C68 -> MOTUL - TRASMISION
B69: VALVOLINE | C69: TRASMISION | D69: 75W-90 | F69: =B69&" - "&D69 -> VALVOLINE - 75W-90 | G69: =B69&" - "&C69 -> VALVOLINE - TRASMISION
B70: VALVOLINE | C70: TRASMISION | D70: 80W-90 | F70: =B70&" - "&D70 -> VALVOLINE - 80W-90 | G70: =B70&" - "&C70 -> VALVOLINE - TRASMISION
B71: VALVOLINE | C71: TRASMISION | D71: DCTF | F71: =B71&" - "&D71 -> VALVOLINE - DCTF | G71: =B71&" - "&C71 -> VALVOLINE - TRASMISION
B72: VALVOLINE | C72: TRASMISION | D72: CVTF | F72: =B72&" - "&D72 -> VALVOLINE - CVTF | G72: =B72&" - "&C72 -> VALVOLINE - TRASMISION
